{"hosting":{"public":"build/web","ignore":["firebase.json","**/.*","**/node_modules/**"],"rewrites":[{"source":"**","destination":"/index.html"}]},"flutter":{"platforms":{"android":{"default":{"projectId":"eventoseagendamentos","appId":"1:430490954200:android:8686e3a7bfeab512172aad","fileOutput":"android/app/google-services.json"}},"dart":{"lib/firebase_options.dart":{"projectId":"eventoseagendamentos","configurations":{"android":"1:430490954200:android:8686e3a7bfeab512172aad","ios":"1:430490954200:ios:30713eb19505b2d7172aad","macos":"1:430490954200:ios:30713eb19505b2d7172aad","web":"1:430490954200:web:748b157116edb20d172aad"}}}}}}