{
  "project_info": {
    "project_number": "430490954200",
    "project_id": "eventoseagendamentos",
    "storage_bucket": "eventoseagendamentos.appspot.com"
  },
  "client": [
    {
      "client_info": {
        "mobilesdk_app_id": "1:430490954200:android:8686e3a7bfeab512172aad",
        "android_client_info": {
          "package_name": "com.example.starter_architecture_flutter_firebase"
        }
      },
      "oauth_client": [],
      "api_key": [
        {
          "current_key": "AIzaSyA_geKGwh-SyrukT53-BEkw-e4hqlPwd0g"
        }
      ],
      "services": {
        "appinvite_service": {
          "other_platform_oauth_client": []
        }
      }
    }
  ],
  "configuration_version": "1"
}